{
  "$schema": "http://json-schema.org/draft-07/schema#",
  "$id": "https://closed-loop.system/schemas/action.schema.json",
  "title": "Action Contract",
  "description": "动作执行契约 - 强制幂等与三段式接口",
  "version": "1.0.0",
  "type": "object",
  "required": [
    "action_id",
    "action_type",
    "target",
    "params",
    "state",
    "idempotency_key",
    "interfaces"
  ],
  "properties": {
    "action_id": {
      "type": "string",
      "description": "动作唯一标识符",
      "pattern": "^act_[a-z0-9_]+$"
    },
    "action_type": {
      "type": "string",
      "description": "动作类型",
      "enum": [
        "restart_service",
        "scale_up",
        "scale_down",
        "switch_traffic",
        "clear_cache",
        "rollback_config",
        "custom_script"
      ]
    },
    "target": {
      "type": "string",
      "description": "动作目标（服务名/资源ID）"
    },
    "params": {
      "type": "object",
      "description": "动作参数"
    },
    "state": {
      "type": "string",
      "description": "当前状态",
      "enum": [
        "pending",
        "approved",
        "executing",
        "success",
        "failed",
        "verified",
        "rollback_initiated",
        "rolled_back",
        "rejected"
      ]
    },
    "idempotency_key": {
      "type": "string",
      "description": "幂等键 - 相同键多次执行结果一致",
      "minLength": 16
    },
    "interfaces": {
      "type": "object",
      "description": "必须实现的接口",
      "required": ["apply", "verify", "rollback"],
      "properties": {
        "apply": {
          "type": "object",
          "required": ["implemented", "signature"],
          "properties": {
            "implemented": {
              "type": "boolean",
              "enum": [true]
            },
            "signature": {
              "type": "string",
              "enum": ["async () -> ActionResult"]
            },
            "timeout_seconds": {
              "type": "integer",
              "minimum": 1
            }
          }
        },
        "verify": {
          "type": "object",
          "required": ["implemented", "signature", "checks"],
          "properties": {
            "implemented": {
              "type": "boolean",
              "enum": [true]
            },
            "signature": {
              "type": "string",
              "enum": ["async () -> VerificationResult"]
            },
            "checks": {
              "type": "array",
              "minItems": 1,
              "items": {
                "type": "object",
                "required": ["metric", "expected"],
                "properties": {
                  "metric": { "type": "string" },
                  "expected": { "type": "string" },
                  "duration": { "type": "string" }
                }
              }
            }
          }
        },
        "rollback": {
          "type": "object",
          "required": ["implemented", "signature", "backup_ref"],
          "properties": {
            "implemented": {
              "type": "boolean",
              "enum": [true]
            },
            "signature": {
              "type": "string",
              "enum": ["async () -> ActionResult"]
            },
            "backup_ref": {
              "type": "string",
              "description": "回滚所需的备份引用"
            },
            "timeout_seconds": {
              "type": "integer",
              "minimum": 1
            }
          }
        }
      }
    },
    "execution": {
      "type": "object",
      "description": "执行记录",
      "properties": {
        "attempts": {
          "type": "integer",
          "minimum": 0
        },
        "started_at": {
          "type": "string",
          "format": "date-time"
        },
        "completed_at": {
          "type": "string",
          "format": "date-time"
        },
        "duration_ms": {
          "type": "number",
          "minimum": 0
        },
        "result": {
          "type": "object",
          "properties": {
            "success": { "type": "boolean" },
            "message": { "type": "string" },
            "output": { "type": "object" },
            "error": { "type": "string" }
          }
        }
      }
    },
    "rollback_record": {
      "type": "object",
      "description": "回滚记录",
      "properties": {
        "attempts": {
          "type": "integer",
          "minimum": 0
        },
        "started_at": {
          "type": "string",
          "format": "date-time"
        },
        "completed_at": {
          "type": "string",
          "format": "date-time"
        },
        "result": {
          "type": "object",
          "properties": {
            "success": { "type": "boolean" },
            "message": { "type": "string" }
          }
        }
      }
    },
    "verification": {
      "type": "object",
      "description": "验证记录",
      "properties": {
        "started_at": {
          "type": "string",
          "format": "date-time"
        },
        "completed_at": {
          "type": "string",
          "format": "date-time"
        },
        "passed": { "type": "boolean" },
        "checks": {
          "type": "array",
          "items": {
            "type": "object",
            "properties": {
              "metric": { "type": "string" },
              "expected": { "type": "string" },
              "actual": { "type": "string" },
              "passed": { "type": "boolean" }
            }
          }
        }
      }
    },
    "metadata": {
      "type": "object",
      "properties": {
        "created_at": {
          "type": "string",
          "format": "date-time"
        },
        "created_by": { "type": "string" },
        "version": {
          "type": "string",
          "pattern": "^[0-9]+\\.[0-9]+\\.[0-9]+$"
        }
      }
    }
  }
}
