{
  "$schema": "https://json-schema.org/draft/2020-12/schema",
  "title": "DecisionContract",
  "type": "object",
  "required": ["trace_id", "run_id", "risk", "actions", "evidence", "versions"],
  "properties": {
    "trace_id": { "type": "string", "minLength": 8 },
    "run_id": { "type": "string", "minLength": 1 },
    "risk": {
      "type": "object",
      "required": ["level", "score"],
      "properties": {
        "level": { "type": "string", "enum": ["LOW", "MEDIUM", "HIGH", "CRITICAL"] },
        "score": { "type": "number", "minimum": 0, "maximum": 1 }
      },
      "additionalProperties": true
    },
    "actions": {
      "type": "array",
      "minItems": 1,
      "items": {
        "type": "object",
        "required": ["action_id", "apply", "verify", "rollback"],
        "properties": {
          "action_id": { "type": "string", "minLength": 8 },
          "apply": { "type": "object" },
          "verify": { "type": "object" },
          "rollback": { "type": "object" }
        },
        "additionalProperties": true
      }
    },
    "evidence": { "type": "object" },
    "versions": { "type": "object" }
  },
  "additionalProperties": true
}
