{
  "branch": "main",
  "enforce_admins": true,
  "required_linear_history": true,
  "allow_force_pushes": false,
  "allow_deletions": false,
  "required_conversation_resolution": true,
  "required_signatures": false,
  "lock_branch": false,
  "allow_fork_syncing": true,

  "required_pull_request_reviews": {
    "dismiss_stale_reviews": true,
    "require_code_owner_reviews": true,
    "required_approving_review_count": 1,
    "require_last_push_approval": true
  },

  "restrictions": null,

  "required_status_checks": {
    "strict": true
  }
}
