{
  "$schema": "http://json-schema.org/draft-07/schema#",
  "$id": "https://closed-loop.system/schemas/run.schema.json",
  "title": "Run/Trace Contract",
  "description": "闭环执行追踪契约 - 可恢复状态机",
  "version": "1.0.0",
  "type": "object",
  "required": [
    "run_id",
    "trace_id",
    "phase",
    "state",
    "timestamps",
    "inputs_hash",
    "artifacts_uri",
    "version"
  ],
  "properties": {
    "run_id": {
      "type": "string",
      "description": "运行实例唯一标识符",
      "pattern": "^run_[0-9]{14}_[a-z0-9]{8}$"
    },
    "trace_id": {
      "type": "string",
      "description": "追踪ID，用于全链路追踪"
    },
    "phase": {
      "type": "string",
      "description": "当前阶段",
      "enum": [
        "NEW",
        "DETECTED",
        "ANALYZED",
        "PLANNED",
        "APPROVAL_PENDING",
        "APPROVED",
        "EXECUTING",
        "EXECUTED",
        "VERIFYING",
        "VERIFIED",
        "ROLLED_BACK",
        "SUCCEEDED",
        "ESCALATED",
        "FAILED",
        "CANCELLED"
      ]
    },
    "state": {
      "type": "object",
      "description": "详细状态信息",
      "required": ["current", "previous", "history"],
      "properties": {
        "current": {
          "type": "string",
          "enum": [
            "NEW",
            "DETECTED",
            "ANALYZED",
            "PLANNED",
            "APPROVAL_PENDING",
            "APPROVED",
            "EXECUTING",
            "EXECUTED",
            "VERIFYING",
            "VERIFIED",
            "ROLLED_BACK",
            "SUCCEEDED",
            "ESCALATED",
            "FAILED",
            "CANCELLED"
          ]
        },
        "previous": {
          "type": "string"
        },
        "history": {
          "type": "array",
          "items": {
            "type": "object",
            "required": ["phase", "timestamp", "transition_reason"],
            "properties": {
              "phase": { "type": "string" },
              "timestamp": {
                "type": "string",
                "format": "date-time"
              },
              "transition_reason": { "type": "string" },
              "metadata": { "type": "object" }
            }
          }
        }
      }
    },
    "timestamps": {
      "type": "object",
      "required": ["created_at"],
      "properties": {
        "created_at": {
          "type": "string",
          "format": "date-time"
        },
        "started_at": {
          "type": "string",
          "format": "date-time"
        },
        "completed_at": {
          "type": "string",
          "format": "date-time"
        },
        "last_updated": {
          "type": "string",
          "format": "date-time"
        },
        "phase_timings": {
          "type": "object",
          "description": "各阶段耗时（毫秒）",
          "properties": {
            "DETECTED": { "type": "number" },
            "ANALYZED": { "type": "number" },
            "PLANNED": { "type": "number" },
            "APPROVAL_PENDING": { "type": "number" },
            "EXECUTING": { "type": "number" },
            "VERIFYING": { "type": "number" }
          }
        }
      }
    },
    "inputs_hash": {
      "type": "string",
      "description": "输入数据哈希（用于幂等验证）",
      "minLength": 16
    },
    "artifacts_uri": {
      "type": "object",
      "description": "产物存储位置",
      "required": ["base_path"],
      "properties": {
        "base_path": {
          "type": "string",
          "format": "uri"
        },
        "decision": {
          "type": "string",
          "format": "uri"
        },
        "evidence": {
          "type": "string",
          "format": "uri"
        },
        "execution_log": {
          "type": "string",
          "format": "uri"
        },
        "verification_result": {
          "type": "string",
          "format": "uri"
        },
        "topology_snapshot": {
          "type": "string",
          "format": "uri"
        },
        "manifest": {
          "type": "string",
          "format": "uri"
        }
      }
    },
    "decision_id": {
      "type": "string",
      "description": "关联的决策ID"
    },
    "action_ids": {
      "type": "array",
      "description": "关联的动作ID列表",
      "items": { "type": "string" }
    },
    "approval_request_id": {
      "type": "string",
      "description": "关联的审批请求ID"
    },
    "verification_id": {
      "type": "string",
      "description": "关联的验证ID"
    },
    "retry_count": {
      "type": "integer",
      "description": "重试次数",
      "minimum": 0,
      "default": 0
    },
    "error_info": {
      "type": "object",
      "description": "错误信息（当状态为 FAILED 时）",
      "properties": {
        "error_type": { "type": "string" },
        "error_message": { "type": "string" },
        "stack_trace": { "type": "string" },
        "recoverable": { "type": "boolean" },
        "retry_eligible": { "type": "boolean" }
      }
    },
    "version": {
      "type": "object",
      "required": ["schema", "implementation"],
      "properties": {
        "schema": {
          "type": "string",
          "pattern": "^[0-9]+\\.[0-9]+\\.[0-9]+$"
        },
        "implementation": {
          "type": "string",
          "pattern": "^[0-9]+\\.[0-9]+\\.[0-9]+$"
        }
      }
    },
    "metadata": {
      "type": "object",
      "properties": {
        "source": { "type": "string" },
        "trigger": { "type": "string" },
        "environment": { "type": "string" },
        "labels": {
          "type": "object",
          "additionalProperties": { "type": "string" }
        }
      }
    }
  }
}
